node_id,longitude,latitude
251361752,77.5712945,13.0018873
251361753,77.57119,13.006416
295732932,77.5747634,13.0147431
295734675,77.5716558,13.0085658
295735337,77.5691921,13.0073057
295735339,77.5692822,13.0036784
295735340,77.5693482,13.0010225
295735341,77.5693925,12.9992403
295747252,77.5616633,13.0115424
295747253,77.5631913,13.0089426
308063204,77.5716076,12.9910161
316660383,77.5742242,12.9927556
316660565,77.5748234,12.9923291
316660603,77.5699025,12.9963034
316660604,77.5732449,12.9963692
316660684,77.5735575,12.995717
316660721,77.5737,12.995049
316660937,77.5714721,12.9941886
316660939,77.5738387,12.9943787
426841174,77.5640033,13.007564
426841176,77.571172,13.0071967
426935890,77.5577216,13.0098807
426935891,77.5591873,13.0107601
426962372,77.5760131,12.9957767
426962375,77.5773943,12.9957859
426962377,77.5781648,12.9954874
426962381,77.5645834,12.996231
426962387,77.5684647,12.9968277
426962394,77.5744544,12.9968828
426962396,77.5730354,13.0037004
426962399,77.5738999,12.9998845
426962401,77.5732552,13.0010337
426962404,77.5753831,13.0010339
426962406,77.5731133,13.0010337
426962409,77.5713142,13.0010334
426962411,77.5730912,13.0013677
426962417,77.5796682,13.0018436
426962419,77.5730683,13.0018803
426962426,77.5728284,13.0018816
426962427,77.5693259,13.0019218
426962428,77.5653832,13.0018391
426962429,77.5633885,13.0017972
426962433,77.5757211,13.0094062
426962434,77.5804998,13.0091818
426962435,77.5804662,13.0114521
426962437,77.578622,13.0071288
426962438,77.5775774,13.0078524
426962442,77.5760403,13.0089234
426962446,77.575401,13.0116702
427531036,77.571408,12.996965
427531037,77.575415,12.9919113
427531038,77.5748247,12.9911391
427531040,77.577113,12.9936739
427531043,77.5815919,12.9981295
427531047,77.5824773,12.9993088
427531048,77.5813262,12.9990175
427531049,77.5783881,12.9991964
427531050,77.5781011,12.9992748
427531052,77.5731506,12.9989324
427531053,77.5744013,12.9989261
427531054,77.5714129,12.9967545
427531060,77.571818,12.9989186
427531068,77.5779603,12.99212
427531069,77.5781316,12.9945302
427531071,77.5754299,12.9969275
427593065,77.5731496,12.9992617
427593067,77.5648095,12.9991507
427593069,77.5614249,13.0040203
427593071,77.5662287,12.9963549
427593072,77.5654952,12.998133
427593073,77.562291,13.007649
427593074,77.5624452,13.0037052
427593075,77.5629605,13.0026221
427593076,77.5699962,13.0036714
427593077,77.5731639,12.998362
427593078,77.5654926,12.9982629
427593079,77.5694152,12.998329
427593080,77.571376,12.9983558
427593082,77.5718735,12.9969681
427593083,77.5716864,13.0033673
427593084,77.5778535,13.006224
427593085,77.569213,13.0064639
427593086,77.5752918,13.0071741
427593087,77.5753555,13.0044703
427593088,77.5778627,13.0053673
427593089,77.5623576,13.0058269
427593090,77.563895,13.0018079
427593091,77.5637124,13.0075784
427593092,77.5636892,13.0080972
427593094,77.5602448,13.0083914
427593095,77.5622564,13.0089843
427593096,77.5622693,13.0083332
427593097,77.5635873,13.0082702
427593098,77.5637883,13.0056979
427593099,77.563855,13.0036986
427593100,77.5653044,13.0036936
427593101,77.5681428,13.008676
427593103,77.5667143,13.0056226
427593105,77.5669122,12.9991921
427593106,77.5669299,12.9982911
427593107,77.5669548,12.9975597
427593108,77.5684252,12.9975936
427593109,77.5658746,12.9975286
427593110,77.567724,12.9975783
427593111,77.5675227,13.001884
427593112,77.5693706,13.0001232
427593113,77.5642496,12.9999842
427593114,77.5654468,13.0000153
427593115,77.566875,13.0000532
427593116,77.5676261,13.000072
427593117,77.5683205,13.0000845
427593118,77.5658723,12.9982718
427593119,77.5658368,13.0000247
427593121,77.5650922,13.0000071
427593122,77.5647765,12.9999943
427593124,77.5660874,13.0018539
427593125,77.566178,13.0000381
427593126,77.5662428,12.9975456
427593127,77.5666301,12.9975542
427593128,77.5665482,13.0000431
427593129,77.5672619,13.0000616
427593130,77.5673672,12.99757
427593131,77.5679821,13.0000775
427593132,77.5680852,12.9975862
427593133,77.5694329,12.9976128
427593134,77.5732065,12.9976775
427593135,77.571844,12.998004
427593136,77.5731876,12.9980079
427593137,77.573224,12.9973109
427593138,77.5718644,12.9972895
427593141,77.5707973,13.0054389
427593142,77.5708221,13.0035209
427593143,77.5703983,13.0085112
427593144,77.5704247,13.0054575
427593145,77.5705167,13.0018971
427593146,77.5706132,12.998346
427593147,77.5701576,12.9983397
427593148,77.5698134,13.0072655
427593149,77.5698105,13.0085768
427593153,77.5666607,13.0087564
427593154,77.5721571,13.0063856
427593155,77.5723325,12.9992788
427593156,77.5721492,13.0034231
427593158,77.5712605,13.0033605
427593164,77.5698231,12.9976185
427593165,77.5697779,12.9992397
427593166,77.5784992,13.0018492
427593168,77.5778301,13.0018524
427593170,77.5778369,13.0028164
427593173,77.5722163,13.0028256
427593174,77.5756074,13.0018658
427593176,77.5756409,13.0054157
427593178,77.5768253,13.0062532
427593179,77.5768034,13.0028212
427593180,77.5638056,13.0046268
427593182,77.5607649,13.0067741
427593183,77.5667068,13.0065898
427593185,77.5611166,13.0090204
427593186,77.5613961,13.0090125
427593187,77.5614047,13.0083605
427593188,77.5607926,13.009028
427593189,77.5608184,13.0083795
427593190,77.5604899,13.0083895
427593191,77.5604748,13.0090378
427593192,77.5608234,13.0080866
427593193,77.5603306,13.008101
427593204,77.5740719,12.999421
427593205,77.5740629,13.0018706
427593206,77.5740326,13.0028048
427593207,77.5736885,13.002819
427593208,77.5737735,13.0010338
427593209,77.5743412,13.0028123
427593210,77.5744689,12.9994227
427593211,77.5781306,12.9994944
427593212,77.5748051,12.9989422
427593213,77.5747085,13.0018614
427593214,77.5744444,13.0000729
427593216,77.5782124,13.0001951
427593217,77.5750419,13.0018589
427593218,77.5751037,12.9989544
427593219,77.5754545,12.9989601
427593220,77.5753544,13.0018684
427593221,77.5756942,13.0018626
427593222,77.5757465,12.9989655
427593223,77.5760772,12.9989696
427593224,77.576025,13.001861
427593225,77.5760368,13.0012075
427593227,77.5755852,13.0022854
427593228,77.5743603,13.0023047
427593229,77.5743502,13.0025721
427593230,77.5755897,13.0025388
427593231,77.5750953,13.0018661
427593232,77.5750853,13.0023066
427593233,77.5750945,13.0020699
427593234,77.5743691,13.0020711
427593235,77.5746113,13.0028219
427593236,77.5745902,13.0037957
427593238,77.5756238,13.0044517
427593239,77.5745782,13.0041475
427593240,77.576831,13.0041182
427593242,77.574624,13.0032016
427593243,77.5730387,13.0032299
427593244,77.5725556,13.0032988
427593246,77.5736288,13.0043761
427593247,77.5735864,13.0054169
427593248,77.573572,13.0063455
427593249,77.5733386,13.0041517
427593250,77.5734079,13.0018607
427593251,77.5734389,13.0010337
427593252,77.5736802,13.0032282
427593254,77.5727227,13.0034281
427593255,77.5726761,13.0054391
427593256,77.5726657,13.0063712
427593257,77.573119,13.0063601
427593258,77.573202,13.0039897
427593259,77.5718896,13.0054416
427593260,77.5718659,13.0063939
427593261,77.5716485,13.0064001
427593262,77.5716653,13.0054409
427593263,77.5707672,13.0064246
427593264,77.5711813,13.0067922
427593267,77.5726722,13.0072696
427593268,77.5707519,13.0084887
427593269,77.5707533,13.0072177
427593272,77.5687938,12.9933914
427593276,77.5739348,12.9939134
427593277,77.5742409,12.9944416
427593278,77.5745495,12.9950916
427593279,77.5745567,12.9957413
427593280,77.5718542,12.9976457
427593281,77.5713924,12.9976416
427593282,77.5709761,12.9976355
427593283,77.5718341,12.9983575
427593284,77.5701185,12.999253
427593285,77.5706071,12.999259
427593286,77.5683987,12.9983168
427593287,77.5680587,12.9983127
427593288,77.5676865,12.9983041
427593289,77.5673365,12.9982979
427593290,77.566606,12.9982846
427593291,77.5662155,12.9982779
427593292,77.566194,12.999178
427593293,77.5658504,12.9991712
427593294,77.5654742,12.9991638
427593295,77.5672984,12.9991999
427593296,77.5680142,12.999214
427593297,77.5683643,12.999221
427593298,77.5668074,13.001869
427593299,77.5682606,13.0018995
427593300,77.5667685,13.0036878
427593301,77.5681646,13.0055491
427593303,77.5704159,13.006435
427593304,77.5699421,13.005474
427593305,77.5712126,13.0054364
427593306,77.5704134,13.007235
427593308,77.5681333,13.0073589
427593309,77.5666883,13.0074306
427593310,77.5762154,13.0025153
427593312,77.5761981,13.0028227
427593313,77.5761808,13.0018603
427593314,77.5762039,13.0022948
427593315,77.5770596,13.0018561
427593316,77.5770678,13.0028178
427593317,77.5773761,13.0028202
427593318,77.577371,13.0018546
427593319,77.5771825,13.0028149
427593320,77.577198,13.0047141
427593321,77.5756284,13.0047121
427593323,77.5791659,13.0046944
427593324,77.5786155,13.0057777
427593326,77.5823358,13.0029238
427593327,77.5823271,13.0042936
427593328,77.5812335,12.997743
427593329,77.5794655,12.9978486
427593331,77.5817923,12.9992824
427593332,77.5818149,12.9991548
427593333,77.5816696,12.9998696
427593335,77.5816507,13.0004839
427593336,77.578346,12.99833
427593337,77.5806333,12.9977721
427593338,77.5810085,13.0050901
427593339,77.5791944,13.0018459
427593340,77.5791349,13.0054664
427593341,77.5802503,13.0047981
427593343,77.5805139,13.0046402
427593346,77.575217,13.0062988
427593347,77.5768263,13.0053899
427593348,77.5768152,13.004716
427593349,77.5756179,13.0041249
427593350,77.5756143,13.0038195
427593351,77.5755947,13.0028173
427593353,77.5733683,13.0032326
427593354,77.5737503,13.0018648
427593355,77.57409,13.0010341
427593356,77.5744082,13.0010332
427593357,77.5747358,13.0010342
427593358,77.5750594,13.0010339
427593359,77.5717585,13.0010336
427593360,77.5722713,13.0010336
427593361,77.5705345,13.0010235
427593363,77.5700762,13.0010274
427593364,77.5700533,13.0019105
427593365,77.5722414,13.001882
427593366,77.5717354,13.0018883
427593367,77.5718075,12.9992856
427593370,77.5698011,12.9983347
427593371,77.5747891,12.9994234
427593372,77.5750937,12.9994244
427593373,77.5754385,12.9994257
427593374,77.57574,12.9994267
427593375,77.5760699,12.9994278
427593376,77.5760568,13.0000944
427593377,77.5757261,13.00009
427593378,77.5754158,13.0000856
427593379,77.5750797,13.0000814
427593380,77.5747675,13.0000771
427593381,77.5741213,13.0000685
427593382,77.5743765,13.0018746
427593383,77.5721695,13.0054428
427593384,77.5731541,13.0054296
427593385,77.5778454,13.0047096
427593386,77.5809904,13.0043546
427593387,77.5823296,13.0035522
427593388,77.5807198,12.9993431
427593389,77.5807033,12.9990356
427593390,77.5806614,12.9981723
427593391,77.5795008,12.9982546
427593392,77.5795285,12.999406
427593393,77.5796399,13.0027838
427593394,77.5785508,13.0027908
427593395,77.5799283,13.0027924
427593396,77.5665764,12.9991856
427593397,77.5676641,12.9992071
427593398,77.5681969,13.0036822
427593399,77.569897,13.0064497
427593400,77.5637617,13.0066825
427593401,77.5623357,13.0067259
427593402,77.5612428,13.0067583
427593403,77.5612162,13.0077021
427593404,77.5611312,13.0083694
427593405,77.579517,12.9991087
427593406,77.5791848,13.0027978
428048569,77.5612524,13.004434
428054932,77.5714556,12.9949048
428054934,77.5714393,12.9956096
428054936,77.571423,12.9963159
429286725,77.5779759,12.9901736
429286728,77.5773798,12.9913488
429286730,77.5774991,12.9917567
429286731,77.578764,12.9928378
429286736,77.5805765,12.9943547
429286737,77.5816508,12.997034
429286739,77.5820059,12.9976347
429286745,77.5783636,12.9988281
429286747,77.5817862,12.9986725
429286748,77.5806938,12.9987018
429286749,77.5795146,12.9987586
429286755,77.5807126,12.9930303
429286756,77.5801088,12.9921921
429286757,77.579615,12.9911024
429724018,77.5716744,12.9906029
429724033,77.5678413,12.9911972
429724034,77.5677319,12.9941367
429724035,77.5686878,12.992717
429724037,77.5692395,12.9911473
442966046,77.5630466,13.0057164
442966048,77.5630107,13.0076133
442966051,77.5629867,13.0083046
442966052,77.5629649,13.0089527
442966201,77.5667015,13.0060964
442966312,77.5637992,13.0051258
442966467,77.5623871,13.0051189
445327430,77.5654694,13.0142656
446812245,77.5597673,12.9974974
446812246,77.5573932,12.9983501
446860615,77.5677418,12.9933951
446860616,77.5634643,12.9937147
446860617,77.5632441,12.9927688
446860620,77.5664151,12.993459
447079473,77.5696022,12.9932689
447079475,77.5693615,12.9932382
447079597,77.5693468,12.9941849
447079599,77.5687077,12.995925
448116610,77.5554487,12.9943116
448116872,77.5578315,12.9909822
448117355,77.5596846,12.9963838
448117476,77.5631083,12.991862
448117514,77.5620308,12.9929351
456029872,77.572572,12.9910481
456029876,77.5738843,12.9907228
456029880,77.5728992,12.9910589
456029891,77.5727319,12.9963581
456029895,77.57099,12.9963206
456029897,77.571007,12.9956015
456029899,77.5710303,12.9948998
456029902,77.5706833,12.9956081
456029904,77.5709993,12.9959549
456029906,77.5703059,12.9959479
456029909,77.5709788,12.9967606
456029913,77.5718952,12.99598
456029916,77.5719061,12.9952725
456029931,77.5731542,12.9963675
456029932,77.573193,12.9957014
456029933,77.5732224,12.9950262
456029935,77.5765111,12.9947737
456029936,77.5771828,12.9946312
456029939,77.5741126,12.9950697
456029941,77.5740463,12.9969211
456029943,77.5740706,12.9963773
456029945,77.574501,12.9963964
456029947,77.5755779,12.9966207
456029949,77.5747982,12.9950734
456029951,77.5747202,12.996442
456029952,77.5747499,12.995746
456029954,77.5728173,12.9930085
456033065,77.5682784,12.9940982
456033067,77.5692228,12.9945172
456033068,77.5680632,12.9944376
456033070,77.5677697,12.9948131
456033072,77.5690813,12.9948783
456033073,77.5689773,12.9952157
456033075,77.5675384,12.9951618
456033077,77.5672922,12.9955094
456033078,77.5688292,12.9955708
456033081,77.567022,12.9958707
456033082,77.5686022,12.9962803
456033084,77.5667343,12.996218
456033107,77.5757795,12.996234
456033111,77.5756264,12.9965312
456033113,77.574988,12.9960761
456033115,77.5767653,12.9957817
456033117,77.5767149,12.996569
456033120,77.5746912,12.9973341
456033123,77.5766704,12.9976092
456033128,77.5751566,12.9974522
456033131,77.5782886,12.9975832
456033134,77.5794787,12.9979901
456033136,77.5776812,12.9976092
456033139,77.5794384,12.9975338
456033140,77.5765055,12.9976037
456033141,77.5766029,12.9989728
456033143,77.5776971,12.9980958
456033144,77.5765242,12.9980702
456033145,77.578004,12.9980923
456033147,77.5779989,12.9975941
456033150,77.5779788,12.9969662
456033151,77.5783466,12.9984301
456033154,77.5776897,12.997856
456033174,77.5769052,12.9989804
456033177,77.5768099,12.9980815
456033178,77.5763806,12.9994316
456033181,77.5763734,13.0000986
456033184,77.5783472,12.9985615
456033187,77.5770067,12.9994357
456033189,77.5769991,13.0001069
456033192,77.5766952,13.0001028
456033193,77.5767252,12.9994262
456033195,77.5775977,13.000144
456033198,77.5773305,13.0001113
456033202,77.5773413,12.9994807
456033209,77.5776512,12.9994816
456033211,77.5776376,12.9997443
456033215,77.5795579,12.9997078
456033217,77.5781505,12.9997553
456034395,77.5740914,12.99573
456034396,77.57801,12.9978394
456034398,77.5783027,12.9978303
456034399,77.5783206,12.9980703
456036136,77.5734449,12.9909785
456036138,77.5736392,12.9922262
456036139,77.5736446,12.9925428
456036140,77.5728457,12.9924079
456036141,77.572848,12.9920393
456036142,77.5736413,12.9918833
456036143,77.5736662,12.9908011
456036144,77.5739191,12.9915848
456036146,77.5744704,12.9913778
456036147,77.5733524,12.9905113
456036149,77.5737753,12.9903693
456036150,77.5735425,12.9904516
456036151,77.5771133,12.990438
456036152,77.5746046,12.9905183
456036157,77.5757962,12.9901526
456036158,77.5759952,12.9907805
456036159,77.5790051,12.9902156
456036161,77.5781091,12.9906268
456036162,77.5761351,12.9912467
456036163,77.5772478,12.9908978
456036164,77.5747228,12.9908496
456036165,77.5758987,12.9904717
456036166,77.5766227,12.990239
456036167,77.5767233,12.9905574
456036169,77.5744726,12.9901466
456036177,77.5761014,12.9900602
456036182,77.5762667,12.9916858
456036183,77.5782427,12.9910811
456036184,77.5783545,12.9914922
456036759,77.574711,12.9943985
456036760,77.5741164,12.9930255
456036763,77.5743344,12.9926666
456036765,77.5750768,12.9941043
456036766,77.5744752,12.9925634
456036768,77.5752527,12.9940511
456036769,77.5746353,12.9924556
456036774,77.5756907,12.9941746
456036777,77.5763119,12.9928539
456036778,77.5753738,12.9930722
456036780,77.5765724,12.9931309
456036781,77.5758008,12.9929686
456036782,77.5758498,12.9932789
456036784,77.5759821,12.9936395
456036786,77.576255,12.9948188
456036787,77.5763237,12.9951445
456036788,77.5768354,12.9934075
456036789,77.5765816,12.9934734
456036790,77.5767768,12.9943171
456036791,77.5763025,12.993553
456036792,77.5764811,12.9945641
456036793,77.5773228,12.9949248
456036794,77.5773768,12.9951914
456036795,77.5751795,12.9954261
456036796,77.5762347,12.995339
456036797,77.5758635,12.996057
456036798,77.5751335,12.9959131
456036801,77.5748401,12.9966528
456036802,77.575495,12.9967724
456036803,77.5747603,12.9971075
456036804,77.57527,12.9971991
456036808,77.5748981,12.9979526
456036809,77.5771113,12.9976092
456036812,77.5771242,12.9957841
456036813,77.5775712,12.9964208
456036814,77.5775478,12.995721
456036815,77.5776397,12.9966538
456036816,77.5770675,12.9966864
456036817,77.5770712,12.996412
456036818,77.5774822,12.9966628
456036819,77.5774728,12.9976092
456036820,77.5772302,12.9976092
456036821,77.5772485,12.9966761
456036822,77.5761844,12.9975964
456036823,77.5762748,12.9989721
456036824,77.5757805,12.9975871
456036825,77.5757661,12.9981707
456036826,77.5762095,12.9982267
456036827,77.5757567,12.9985541
456036829,77.5762345,12.9985123
456036831,77.5778957,12.9943349
456036833,77.5780919,12.9944956
456036835,77.5765178,12.9954272
456036837,77.5764651,12.9956244
456036838,77.5760976,12.9956097
456086060,77.5683565,12.9933708
456086061,77.5642427,12.9990481
456086064,77.5649549,12.9981262
456086068,77.5651947,12.9962402
456086071,77.5646473,12.9935679
456086082,77.566339,12.9956987
456086084,77.5655071,12.9956088
456086086,77.5650846,12.9956025
456086088,77.5645113,12.9957026
456086090,77.5638258,12.9958434
456086091,77.5612767,12.9964254
456086093,77.5613629,12.9967395
456086095,77.5611342,12.9959373
456086102,77.5650203,12.9952092
456086110,77.5637836,12.9956224
456086112,77.5644614,12.9954729
456086114,77.5650559,12.9954024
456086128,77.5630308,12.995172
456086143,77.5630854,12.9957936
456086145,77.5631127,12.9960236
456086184,77.5636075,12.9947354
456086189,77.5629945,12.9948398
456086191,77.5629768,12.9945186
456086193,77.5610724,12.9946727
456086197,77.562525,12.9928844
456086201,77.5623525,12.9919894
456086202,77.5622892,12.9915657
456086226,77.5665123,12.9905938
456086228,77.5676664,12.9908561
456086229,77.5665091,12.9909208
456086231,77.5638598,12.9910319
456086248,77.5664686,12.99213
456086255,77.5664639,12.9924521
456086256,77.5632989,12.9929934
456086259,77.5644574,12.9927532
456086265,77.5677898,12.9927402
456086266,77.5664444,12.9927964
456086270,77.5685333,12.9930741
456086272,77.5677696,12.9931079
456086274,77.5664172,12.9931289
456086287,77.5627668,12.9938032
456086290,77.5620776,12.9938654
456086294,77.5608453,12.9939343
456086296,77.5608942,12.9929612
456086297,77.561021,12.9921108
456086300,77.5624267,12.9924363
456086301,77.5609538,12.9925814
456086303,77.5608683,12.9934992
456086304,77.5620607,12.9934001
456086306,77.562649,12.9933287
456086307,77.5631338,12.9932304
456086308,77.560498,12.9942183
456086310,77.5627979,12.9940389
456086311,77.5631737,12.9923114
456086314,77.5612342,12.991226
456086316,77.5622397,12.9911542
456086318,77.5614598,12.9908514
456086319,77.5621788,12.9908408
456086321,77.5625526,12.9907621
456086363,77.5656103,12.9948476
456086365,77.5663723,12.9948571
456086371,77.5663928,12.9944782
456086373,77.5675014,12.9944681
456086375,77.5664015,12.994145
456086381,77.5677257,12.9937851
456086383,77.5664102,12.9937917
456086388,77.5645476,12.9931543
456086389,77.5633782,12.9933728
456086392,77.5632265,12.9925531
456086393,77.5643556,12.9923151
456086395,77.5638526,12.9924332
456086398,77.5637381,12.9917641
456086412,77.5623584,12.9900444
456086414,77.5638243,12.9901817
456086415,77.5621027,12.9902501
456086564,77.562622,12.990456
456086566,77.5638311,12.9904119
456086568,77.5626674,12.9907022
456086570,77.5638387,12.9906669
456086572,77.5643403,12.9906637
456086574,77.5643912,12.9910179
460976026,77.5627869,13.0096306
460976028,77.5614189,13.0076923
460976034,77.5617652,13.0076751
460976044,77.5617966,13.0067421
460976059,77.5691776,13.0078881
460976063,77.5686333,13.0086485
460976131,77.5652702,13.0088318
460976134,77.5652755,13.0095273
460976141,77.5655231,13.0074885
460976146,77.5716816,13.0072142
461539040,77.575879,13.0147632
461539041,77.5760571,13.0093914
461539043,77.5759985,13.011657
461539044,77.5760337,13.0104628
461539045,77.5804972,13.0102555
461539046,77.5792963,13.0071511
461539053,77.5804828,13.0108462
461539055,77.5748438,13.0134727
461539058,77.5749745,13.0124926
461539059,77.5828407,13.0145466
461539062,77.582769,13.012885
461539065,77.5797117,13.0147157
461539066,77.5795766,13.0114952
461539067,77.5796464,13.0134697
461539068,77.5759296,13.0136527
461539069,77.5759471,13.0132516
461539070,77.5796301,13.0130244
461539071,77.5783129,13.0074107
461539072,77.5795092,13.0092401
461539073,77.5773121,13.014755
461539074,77.57724,13.0104068
461539075,77.5785818,13.0078354
461539076,77.5778568,13.0082508
461539077,77.5799361,13.0092214
461539078,77.578589,13.0092797
461539079,77.5765349,13.0093705
461539080,77.5765251,13.0132164
461539082,77.5768203,13.0089988
461539083,77.5765031,13.0125805
461539084,77.5796094,13.0124341
461539085,77.5795849,13.0119658
461539086,77.5765085,13.0120865
461539087,77.5783467,13.0115493
461539088,77.5784873,13.0147474
461539089,77.5796696,13.0139871
461539090,77.5759123,13.0141536
461539091,77.5787938,13.0092719
461539092,77.5787702,13.0115299
461539093,77.5780094,13.0093015
461539094,77.5779954,13.0115654
461539096,77.5772408,13.0093395
461539097,77.5796588,13.0092335
461539099,77.5824571,13.005333
461539100,77.5823777,13.0070614
461539102,77.5806755,13.0082208
461539103,77.5780337,13.008569
461539105,77.578421,13.0083511
461539106,77.5790084,13.009262
461539107,77.5822752,13.008247
461539109,77.5811352,13.008159
461539110,77.5817475,13.0074221
461539111,77.5801753,13.0085131
461539112,77.5810928,13.0091408
461539113,77.5815982,13.0091165
461539114,77.5816805,13.0082022
461539119,77.5797791,13.0068587
461539121,77.5803553,13.0065186
461539122,77.5811112,13.0077759
461539125,77.5787822,13.0081478
461539126,77.5791297,13.0079522
461539131,77.5765825,13.0104373
461539132,77.5765133,13.0116334
461539133,77.5787898,13.0103348
461539134,77.5780054,13.0103712
461539135,77.5820227,13.0107884
461539136,77.5796253,13.010296
461539137,77.5821383,13.0090944
461539138,77.5820449,13.0101837
461539139,77.5773023,13.0140921
461539140,77.5772939,13.0135855
461539141,77.5784429,13.0135287
461539142,77.5784678,13.0140404
461539143,77.5783924,13.0124906
461539144,77.5784265,13.0130984
461539145,77.5772608,13.0115993
461539146,77.578369,13.0120086
461539147,77.580512,13.0097313
461539148,77.5812706,13.0102196
461539149,77.581254,13.010816
461539150,77.5812358,13.0114168
461539151,77.5812997,13.0091351
461539152,77.5772684,13.0120548
461539153,77.5772765,13.0125439
461539154,77.5772862,13.0131707
461539160,77.5812867,13.0096955
461539161,77.5820674,13.0096562
461539176,77.5824187,13.0062307
461539177,77.5807665,13.0071799
461539178,77.5810228,13.0061377
461539179,77.5813969,13.006817
461539180,77.5818244,13.0056935
461539181,77.5818991,13.0065283
461539184,77.581099,13.0088858
461539185,77.5823991,13.0066892
461539200,77.5738186,13.0138883
461539204,77.5739218,13.0133994
461539208,77.5747904,13.014113
461539209,77.5748872,13.0128761
461539213,77.574315,13.0128602
461539214,77.5736847,13.0146804
461539215,77.5737968,13.0140389
461539221,77.5762737,13.0062689
461539232,77.5778473,13.0050517
461539233,77.5768175,13.0050414
461539234,77.5759032,13.0041198
461539235,77.575914,13.0047094
461539236,77.5756332,13.0049813
461539237,77.5768225,13.0058126
461539238,77.5762219,13.0049694
461539240,77.5762326,13.0054029
461539241,77.5759347,13.0062785
461539242,77.5778514,13.0058022
461539243,77.5762444,13.0058162
461539245,77.5763163,13.0071461
461539246,77.5759131,13.0054099
461539247,77.5759656,13.0071594
461539248,77.5723139,13.0068714
461539249,77.5723054,13.0063814
461539253,77.5735709,13.0068042
461539254,77.5734147,13.00635
461539255,77.5734171,13.0067592
461539256,77.5743766,13.0063227
461539257,77.574355,13.0054164
461539258,77.573937,13.0063351
461539259,77.5739373,13.0054147
461539260,77.576235,13.0047125
461539261,77.5762309,13.0041126
461539262,77.5765599,13.0047146
461539263,77.5765447,13.0043724
461539264,77.5759158,13.0057431
461539265,77.5752064,13.0057292
461754622,77.5778401,13.0037251
461754624,77.5791821,13.0037094
461754629,77.5813866,13.0041172
461754631,77.5812083,13.0007748
461754633,77.578423,13.0013653
461754635,77.5796339,13.001249
461754645,77.5808195,13.0011358
461754648,77.5818424,13.0010837
461754652,77.5812274,13.0011183
461754655,77.5818171,13.0004816
461754657,77.5819682,13.0037687
461754664,77.5799057,13.0033806
461754668,77.5791789,13.0033953
461754671,77.5799097,13.0030309
461754673,77.5791825,13.0030312
461754675,77.58009,13.0033893
461754676,77.5801312,13.0019766
461754681,77.5799309,13.0019871
461754684,77.5796743,13.0020146
461754687,77.5808651,13.0019589
461754689,77.5812731,13.0019386
461754691,77.5819038,13.0019113
461754698,77.5815646,13.0011025
461754700,77.5817041,13.003927
461754703,77.5803345,13.0019853
461754707,77.5802572,13.0033424
461754709,77.5804745,13.0029756
461754711,77.5819414,13.0029024
461754717,77.5804838,13.0033302
461754720,77.581948,13.0032825
461754722,77.5819319,13.00259
461754724,77.5806668,13.0026605
461754726,77.580594,13.0011574
461754733,77.5808896,13.0023832
461754735,77.5819212,13.0023287
461754738,77.5819137,13.0021303
461754740,77.5808771,13.0021756
461754742,77.5796628,13.00175
461754748,77.5818971,13.0016308
461754750,77.5818634,13.0013526
461754752,77.5796498,13.0014663
461754754,77.5801682,13.001715
461754756,77.5801325,13.0012014
461754760,77.5799175,13.0017277
461754767,77.5801183,13.0017202
461754769,77.5803203,13.0017108
461754771,77.5794491,13.0018406
461754773,77.5794381,13.0012753
461754774,77.5791857,13.001309
461754775,77.5792553,13.0012997
461754777,77.5792187,13.0003625
461754779,77.579042,12.9997162
461754780,77.5782447,13.0004462
461754782,77.5795909,13.00032
461754787,77.5807704,13.0002478
461754789,77.5816507,13.000184
461754791,77.5807861,13.0005327
461754793,77.5795965,13.0005559
461754795,77.579228,13.0006121
461754797,77.5782984,13.000646
461754802,77.5789128,13.0013456
461754804,77.5788721,13.0006121
461754806,77.578346,13.0008499
461754807,77.5792347,13.0008
461754810,77.579235,13.0010142
461754814,77.5783759,13.001069
461754815,77.5788912,13.0010459
461754817,77.5788751,13.0008151
461754818,77.578073,13.0018512
461754824,77.577746,13.0001543
461754827,77.5778753,13.0008715
461754829,77.5783291,13.0007936
461754832,77.5778917,13.0010403
461754833,77.5783653,13.0009722
461754835,77.5779293,13.0012183
461754841,77.5783923,13.0011523
461754843,77.5779824,13.0014383
461754845,77.5760305,13.0015572
461754847,77.5764867,13.0014883
461754849,77.5765271,13.0014047
461754856,77.5770293,13.0013446
461754860,77.577069,13.001527
461754863,77.5767362,13.0010968
461754865,77.5765476,13.0001009
461754872,77.5764797,13.0011374
461754875,77.5763524,13.0000983
461754879,77.5766198,13.0004852
461754881,77.5766786,13.0007944
461754886,77.5774891,13.0006261
461754887,77.5767249,12.9989738
461754889,77.5776609,12.9991814
461754890,77.5796381,12.9984331
461754892,77.5811986,12.9986677
461754899,77.5794178,12.997355
461754900,77.5808034,12.9972633
461754901,77.581723,12.9995697
461754902,77.5795797,13.0000022
461754903,77.5818334,13.000751
461754904,77.5807994,13.0007994
461754905,77.5796119,13.0008681
461754908,77.5766659,12.996874
461754911,77.5754563,12.9968632
461754913,77.5790831,12.9975491
461754914,77.579061,12.996627
461754915,77.5803733,12.9967837
461754917,77.5782446,12.996608
461754919,77.5782414,12.9963249
461754920,77.5799517,12.9962987
461754922,77.5797044,12.9959961
461754924,77.5782235,12.9960046
461754927,77.5781988,12.995687
461754934,77.5794283,12.9957159
461754937,77.5789227,12.9952563
461754942,77.5790473,12.9969875
461754944,77.5782572,12.997011
461754947,77.5782692,12.9972515
461754950,77.5790755,12.9972204
461754961,77.5790733,12.9971424
461755021,77.5815368,12.9980783
461755027,77.5828045,12.9956408
461755032,77.581392,12.9962004
461755043,77.5805533,12.9969844
461755062,77.5825926,12.9962158
461755065,77.5808561,12.9973222
461755069,77.5817539,12.9973299
461755073,77.5822812,12.9969436
461755076,77.5820674,12.9963996
461755078,77.5822406,12.9970755
461755092,77.5827702,12.9972
461755114,77.5817387,12.9995173
461755126,77.5763576,12.9965591
461755131,77.5764449,12.9957787
461755134,77.5760645,12.9965472
461755137,77.5761771,12.9957778
461755183,77.5786953,12.9926264
461755184,77.5791284,12.9912529
461755185,77.5795039,12.992378
461755186,77.5791095,12.9924991
461755187,77.5787266,12.9913771
461755188,77.5797064,12.9923157
461755189,77.5809538,12.9941269
461755190,77.581771,12.9960608
461755191,77.5812808,12.9938171
461755192,77.5798679,12.9935725
461755193,77.5803547,12.9932601
461755194,77.5806644,12.9945313
461755196,77.5802051,12.9948105
461755198,77.5797577,12.9941259
461755199,77.5801119,12.9938742
461755203,77.5807834,12.9964128
461755204,77.5809277,12.9968453
461755205,77.5806032,12.9960634
461755209,77.5805279,12.9946142
461755210,77.5806327,12.9955216
461755213,77.5777424,12.9924461
461755216,77.5775705,12.9927915
461755217,77.5790684,12.9941
461755218,77.5784634,12.9947905
461755220,77.5781469,12.9948623
461755221,77.5778371,12.9951398
461755222,77.5788177,12.994402
461755224,77.5793138,12.9938459
461755383,77.5812305,12.9958268
461755384,77.5815684,12.9966074
461755385,77.5806685,12.9984075
461755386,77.5807369,12.9996434
461755387,77.5807526,12.9999266
461755388,77.580833,13.0013837
461755389,77.5808496,13.0016792
461755390,77.5809037,13.0026479
461755391,77.5809201,13.002952
461755393,77.5809377,13.0033154
461755394,77.581349,13.003302
461755395,77.5813283,13.0029304
461755396,77.5813114,13.0026264
461755397,77.5813013,13.0023656
461755398,77.5812893,13.0021592
461755399,77.5812573,13.0016548
461755401,77.5812421,13.0013822
461755402,77.5815729,13.0013701
461755403,77.5816006,13.0016411
461755405,77.5816117,13.0019222
461755407,77.5816224,13.0021435
461755410,77.5816394,13.0023449
461755413,77.5816499,13.0026085
461755415,77.5816521,13.0029133
461755416,77.5816758,13.0032914
461755418,77.5806215,13.0016928
461755421,77.5806357,13.0019703
461755424,77.580155,13.0014365
461755425,77.577994,12.993703
461755427,77.5806004,13.0014141
529481127,77.5712573,13.003497
529485167,77.5692607,13.0045445
574254937,77.5705498,13.0035413
575347923,77.571771,13.0068458
575356520,77.5716009,13.0080741
576096994,77.5693398,13.0013626
576099242,77.5682883,13.0013613
576099520,77.5667711,13.0025828
576100603,77.565357,13.0025558
577449988,77.5676058,13.0055706
577450037,77.5676163,13.0049359
577450297,77.5738918,13.0071751
577450613,77.5742019,13.0039214
577450614,77.5745807,13.0039364
580236832,77.5700328,13.0027861
580237168,77.5693041,13.0027985
580248015,77.5659569,13.0066139
580250771,77.5681322,13.0093669
581469973,77.5681473,13.0067412
581470744,77.5673073,13.0062376
581472284,77.56719,13.0074057
581472895,77.5671959,13.0068742
583465629,77.5695587,13.0072785
588511500,77.5670471,13.0087354
588511725,77.5698874,13.0067021
597520668,77.5666705,13.0082702
597520675,77.5660054,13.0082919
598783000,77.5653176,13.0096987
598783001,77.5659623,13.0100301
599150773,77.5681087,12.9968361
608492801,77.5645113,13.0088731
610179647,77.5633106,13.0007837
610179688,77.5631876,13.0007209
610179689,77.5629928,13.0006281
610179690,77.5625266,13.0004526
610179691,77.5621252,13.0003711
610179692,77.5617689,13.000403
610179693,77.5612815,13.0004517
610179694,77.5608504,13.0005114
610179695,77.5605411,13.0005603
610179696,77.5636211,13.0001644
610179697,77.562236,12.9984699
610179699,77.563547,12.9998542
610179702,77.5634136,12.9991061
610179703,77.5638305,12.9990415
610179704,77.5636963,12.9982321
610179705,77.5624749,13.0000073
610179911,77.5641303,12.9981746
610179914,77.5633076,12.998313
610180011,77.5618212,12.9980683
610180012,77.5621683,12.9980253
610180617,77.5606614,13.0041454
610180619,77.5585739,13.0046549
610180622,77.5598841,13.0054674
610180623,77.5599373,13.0059018
610180624,77.5602072,13.0067941
610180627,77.5601607,13.0076323
610180628,77.5590386,13.0106691
610180633,77.5590056,13.0094015
610180696,77.5608298,13.0077145
610180700,77.5599321,13.0006611
610180701,77.5593017,13.0007676
610180703,77.5584352,13.0009614
610180704,77.55813,13.0010473
610180708,77.5565057,13.0012822
610180710,77.5555513,13.0014013
610180711,77.5552455,13.0014529
610180800,77.5565984,13.000078
610180803,77.557827,12.9999422
610180809,77.560238,12.9995287
610181070,77.5646438,13.0036962
610181412,77.5642788,13.0030212
610181413,77.5638695,13.0030123
610181414,77.5642614,13.0036977
610181415,77.5634666,13.0037008
610181416,77.5634736,13.0030037
610181434,77.5627791,13.0029886
610333282,77.5638768,13.0026689
610333339,77.5631458,13.0022686
610333359,77.5638851,13.0022742
611742862,77.5604127,13.0078229
613007326,77.562378,13.0052865
613008658,77.5662576,13.0036898
613008762,77.5662646,13.0031497
613014002,77.5623595,13.0057287
615715948,77.5670371,13.0093252
617235507,77.5630778,13.0037023
617235720,77.5630893,13.0029953
617759803,77.570496,13.0029105
618527182,77.5589893,13.0062572
618527184,77.5588188,13.0050175
618527509,77.5571135,13.0073096
618527510,77.5554706,13.0075884
618527522,77.5556026,13.0080932
618527572,77.5552781,13.0068925
618527577,77.5553152,13.0081209
618527685,77.5551955,13.0076326
618527687,77.5563515,13.0055892
618527727,77.5555675,13.0068172
618527729,77.5564845,13.0065863
618527731,77.556039,13.0056581
618527741,77.5557489,13.0075446
618527743,77.5553297,13.0058278
618527827,77.5624849,13.0022343
618527829,77.5610318,13.002351
618527861,77.5609563,13.002037
618527862,77.5602834,13.0021071
618527876,77.5602698,13.0024297
618527877,77.560261,13.0027484
618527887,77.5594926,13.0026345
618527888,77.55985,12.9979017
618527923,77.5610165,12.9976489
618527942,77.5604689,12.9977632
618527955,77.5607562,12.9976922
618527957,77.5600932,12.9989876
618527958,77.5609269,12.9984522
618527969,77.5600115,12.9986277
618528147,77.5588877,12.9980313
618528163,77.5610745,12.9980204
618528173,77.5614711,12.9979438
618528174,77.5608492,12.9980971
618528176,77.5599289,12.9982772
618528177,77.561485,12.9981102
618528190,77.5642494,12.999004
618528199,77.5592071,13.0002317
618528200,77.5603999,13.0000117
618528203,77.5623181,12.9989813
618528217,77.5633657,12.9988245
618528218,77.5632485,12.9978182
618528219,77.5640148,12.9973042
618528227,77.5635679,12.9973995
618528228,77.5631914,12.997481
618528247,77.5556525,13.0001733
618528348,77.5558876,13.0013165
618528353,77.556378,12.9989465
618528354,77.5574465,12.9986758
618528905,77.5562233,13.0012846
618528946,77.5560005,13.0001427
618528947,77.5558114,12.9989756
618529004,77.5568603,12.9988649
618529005,77.5571296,13.0000398
618529050,77.5552618,13.0002052
618529057,77.5558174,13.0024336
618529058,77.556163,13.0038778
618529162,77.5555025,13.0024288
618529163,77.5560916,13.0024127
618529165,77.5563729,13.002389
618529167,77.5566527,13.0023783
618529201,77.558389,13.0020367
618529207,77.5570754,13.0012555
618529281,77.5553958,13.004065
618529283,77.5586764,13.0032787
618529284,77.559465,13.0030925
618529285,77.5598242,13.0029077
618529286,77.5610957,13.0026378
618529287,77.5623193,13.0025245
618529316,77.5610551,13.0040129
618529325,77.5608525,13.002967
618529326,77.5612098,13.0032091
618529332,77.560889,13.0032631
618529362,77.5621032,13.0028867
618529388,77.5611476,13.0029332
618529389,77.5602243,13.00302
618529402,77.558998,13.0045618
618529404,77.5581986,13.0047285
618529405,77.5571761,13.0049587
618529417,77.5582992,13.0033571
618529420,77.5579995,13.0021153
618529442,77.5578796,13.0034665
618529443,77.5575907,13.0022004
618529444,77.5573583,13.0012398
618529451,77.5568966,13.0037241
618529455,77.5575228,13.0035599
618529460,77.557868,13.0047907
618529465,77.5552508,13.0024404
618529616,77.5607638,13.0013777
618529617,77.5603484,13.0014168
618529621,77.5583172,13.0017493
618529627,77.5603409,13.0012989
618529647,77.5582617,13.0004293
618529660,77.5582439,13.0066687
618529662,77.5580088,13.0060656
618529663,77.557932,13.0058535
618529664,77.5578235,13.0055617
618529665,77.5576924,13.0052605
618529666,77.5588654,13.0053451
618529680,77.5589161,13.0056424
618529681,77.5566817,13.0063435
618529682,77.5576773,13.0061261
618529683,77.5589654,13.0059116
618529684,77.5573466,13.0053586
618529702,77.5566381,13.0055194
618529851,77.5559454,13.0039301
618529857,77.5563795,13.0038236
618529858,77.5566043,13.0037897
618529870,77.5574426,13.0071611
618529883,77.5569955,13.0062794
618529887,77.5577484,13.0069881
618529889,77.5574121,13.0062142
618529890,77.5570443,13.0054326
618529981,77.5557096,13.0039989
618710180,77.5700913,13.0001214
618711436,77.5697551,13.0001245
618712334,77.5697404,13.0010264
619036171,77.5655267,13.0082077
619036339,77.5590687,13.0068416
619036680,77.5598765,13.0050123
619036874,77.5607962,13.0048847
619037128,77.5604287,13.0049407
619037130,77.5605211,13.0064696
619037133,77.5604391,13.0053594
619037134,77.5609005,13.0054028
620815567,77.5624142,12.9976034
620815634,77.5624707,12.9979557
621301937,77.5625181,13.000392
621302121,77.5635184,13.0003646
622751552,77.5634453,12.9993763
622751717,77.5584476,13.0003706
622751719,77.5583015,12.999815
625851393,77.5616899,12.999247
625851394,77.5616594,12.9990971
625854840,77.5625106,13.0003301
625855648,77.5646572,13.0007475
625861309,77.5624516,13.0019039
626786619,77.5606845,13.0010868
626788192,77.5623267,13.0008124
626793778,77.5623254,13.0012182
626793880,77.5622944,13.000397
626796734,77.5623077,13.0005625
626796999,77.5628709,13.0008446
626797119,77.5627544,13.0010399
626797204,77.5626698,13.0011701
626797206,77.5623842,13.0015656
626797226,77.562863,13.0012785
626797516,77.5623214,13.0010485
634400399,77.5607368,12.9999727
634401073,77.5611857,12.9998843
641917291,77.5615839,12.9985697
646954769,77.5605525,13.0037275
646955092,77.5590736,13.0031909
646955207,77.5594016,13.0044461
646955212,77.5575808,13.0048604
650617133,77.5710488,12.9941667
652440573,77.5775002,13.0028204
652440574,77.5775183,13.004712
652440598,77.5774969,13.003726
652440608,77.5771899,13.0037264
652440619,77.5768288,13.0037298
652440641,77.5768033,13.0030391
652440651,77.5746132,13.0030684
652440653,77.5765974,13.0032965
652440654,77.5768258,13.0033058
652440656,77.5765918,13.0035433
652440658,77.5756077,13.0035466
652440660,77.5756034,13.0033085
652440661,77.5755988,13.0030472
655441719,77.5656186,13.0036923
655441960,77.5656048,13.0041051
655441983,77.5607369,13.004552
655442078,77.5593234,13.0054697
655442209,77.5593184,13.0061869
655442210,77.5593429,13.0068233
655442327,77.5585402,13.0068684
655442332,77.5584788,13.0065402
655442750,77.5586767,13.0075971
655442767,77.5573996,13.0079203
655442995,77.5626472,13.0019498
659506558,77.5647796,12.9971382
664319543,77.5595873,13.007654
664319555,77.559532,13.006826
664319660,77.559324,13.0059218
679969351,77.568764,12.9900569
679969354,77.5698136,12.990052
679969356,77.5678815,12.99014
679969358,77.5693385,12.9900543
681254088,77.5630467,12.9914842
681254119,77.5650583,12.9935176
687428904,77.5651282,12.9909869
693239516,77.5728133,12.993501
693306184,77.5617073,13.0042282
954373586,77.5608278,12.9916432
954381894,77.566506,12.9912756
954381933,77.5651413,12.991328
967505219,77.5727662,12.9953115
967505223,77.5727447,12.9959682
967505456,77.5728009,12.9942574
967505887,77.5727541,12.9956787
967505895,77.5727768,12.9949885
967830933,77.5651896,12.9942445
967830934,77.5651012,12.9938408
967837699,77.5665118,12.9900864
968713353,77.5686164,12.9900708
968713362,77.5689275,12.9900561
968713372,77.5691534,12.9900525
976534309,77.5678097,12.992415
976534432,77.5687233,12.992652
976534433,77.5678173,12.9920571
1042839987,77.5628262,12.9942481
1042839988,77.5635091,12.9941302
1096956256,77.5700194,13.0064463
1096956298,77.5557824,13.0154852
1111621375,77.5560921,12.9915163
1111621390,77.5569841,12.9904622
1111621398,77.5570138,12.9921725
1111628564,77.5573105,12.9906625
1111763354,77.5565052,12.9917788
1111764892,77.5573658,12.9941759
1140764281,77.5637493,12.9954222
1140764282,77.5644314,12.9952956
1140764283,77.5630646,12.9956324
1140764604,77.5642391,12.9940982
1140765659,77.5647439,12.9940175
1147826157,77.5597915,13.0043758
1147826253,77.5599771,13.0067995
1147826280,77.5596855,13.0039651
1289821760,77.5646788,13.0018244
1289821767,77.5642182,13.0010455
1290073469,77.5601861,13.014259
1290125222,77.5657864,13.0046788
1290203315,77.5740925,13.0032222
1290203317,77.5736841,13.003307
1290203324,77.5746167,13.0033181
1290203325,77.5752037,13.0054254
1290203339,77.5746064,13.0035098
1290203352,77.575607,13.0035082
1290203356,77.5738479,13.0032187
1290203375,77.574064,13.0035028
1472858759,77.5551705,13.0058659
1472858767,77.5556245,13.0057524
1472858785,77.5558857,13.008066
1472884328,77.5568432,13.0000524
1472884332,77.5561496,12.9989642
1472884335,77.5563345,13.0001063
1472884345,77.5571345,12.9987759
1472884349,77.5563459,13.0038309
1472884350,77.5572336,13.0022871
1472884351,77.5569234,13.0023377
1472884353,77.5554352,12.9989624
1472884359,77.5575287,12.9999891
1472884362,77.5571858,13.0036257
1472884369,77.5565941,12.9989185
1472884374,77.5567764,13.0037488
1520843427,77.5567868,12.9903457
1520843433,77.5564512,12.9901165
1520843457,77.5571153,12.9902142
1520846252,77.5560929,12.99117
1520846257,77.5560942,12.9927097
1520846260,77.5554142,12.9933751
1520846263,77.5554513,12.9929293
1520846265,77.5553848,12.9936198
1520846269,77.556192,12.9925327
1520846276,77.5559174,12.9936785
1520846277,77.5560582,12.9902625
1520846279,77.5560704,12.9908641
1520846292,77.5560624,12.99058
1520846297,77.5559556,12.9929638
1520846301,77.5564459,12.992202
1520846309,77.5561459,12.9927357
1520846319,77.5553112,12.9941953
1520846321,77.5556172,12.9915126
1520846322,77.5566606,12.9919058
1520846326,77.5555091,12.9924719
1520846336,77.5555872,12.991946
1520846340,77.556075,12.9934479
1520846341,77.5560896,12.9920194
1521036274,77.5590729,12.9930705
1521036345,77.5589037,12.9940705
1521036374,77.5588007,12.9946604
1521036419,77.5587765,12.9978864
1521036527,77.5590245,12.993258
1521036532,77.5571198,12.9948092
1521036595,77.5595074,12.991814
1521036600,77.5559386,12.9949204
1521036700,77.5591385,12.9927809
1521157586,77.560372,12.9939597
1521157588,77.558236,12.9912315
1521157592,77.5554526,12.9986334
1521157597,77.5581393,12.9940702
1521157602,77.5556207,12.9949423
1521157619,77.5590114,12.9952887
1521157621,77.5587756,12.9953285
1521157624,77.5610276,12.9902883
1521157632,77.5574673,12.9920614
1521157633,77.5578051,12.9972903
1521157647,77.5610712,12.9957099
1521157650,77.5561702,12.9957121
1521157653,77.5578611,12.9982071
1521157655,77.5606322,12.9929496
1521157659,77.5582878,12.9933749
1521157662,77.5584548,12.9953518
1521157677,77.5596146,12.9962175
1521157680,77.5569592,12.9955621
1521157686,77.5598639,12.9945358
1521157688,77.5565506,12.9948801
1521157691,77.558941,12.9937729
1521157706,77.5598267,12.9918781
1521157723,77.5587142,12.9968884
1521157724,77.5567732,12.9942171
1521157732,77.5604614,12.9901217
1521157767,77.5556794,12.9969406
1521157774,77.5640908,12.9949693
1521157776,77.5578372,12.994128
1521157794,77.5577358,12.9958093
1521157801,77.5577891,12.9968011
1521157805,77.5590875,12.9958994
1521157807,77.5587851,12.9957092
1521157820,77.5578195,12.9926257
1521157822,77.5588949,12.9927455
1521157824,77.5592445,12.9917727
1521157833,77.5587744,12.9958983
1521157836,77.5561301,12.9942637
1521157837,77.5576475,12.994739
1521157856,77.5604071,12.9919925
1521157858,77.5577194,12.9954213
1521157862,77.55919,12.9977269
1521157867,77.5584183,12.9946916
1521157877,77.5561742,12.9946301
1521157884,77.563688,12.9950825
1521157887,77.5609664,12.9953383
1521157888,77.5558312,12.9956905
1521157899,77.5568409,12.9948382
1521157904,77.5564473,12.9942416
1521157905,77.5567843,12.9937635
1521157906,77.5580842,12.9953865
1521157908,77.564931,12.9948362
1521157909,77.5607877,12.9920523
1521157910,77.5579436,12.9932831
1521157920,77.5586317,12.9934394
1521157922,77.5603639,12.9929381
1521157923,77.5580034,12.9947217
1521157925,77.5601572,12.9919413
1521157926,77.5557739,12.9963685
1521157927,77.5581239,12.9926773
1521157928,77.5590069,12.9934669
1521157934,77.5591686,12.9973726
1521157936,77.5586319,12.9927185
1521157938,77.5570295,12.9924867
1521157941,77.5573654,12.9976086
1521157943,77.5607602,12.9902057
1521157944,77.5562586,12.9949017
1521157945,77.5555275,12.9979757
1521157946,77.5601739,12.9900457
1521157947,77.5574239,12.9954543
1521157961,77.5573377,12.9972246
1521157963,77.5585051,12.9940864
1521157965,77.5572764,12.9925636
1521157977,77.5587368,12.9915459
1521157979,77.5572279,12.9955036
1521157984,77.5564452,12.9956786
1521157990,77.5587127,12.9977866
1521157998,77.5570533,12.9941799
1521158002,77.5578133,12.9976449
1521158004,77.5587107,12.9973808
1521158011,77.5596705,12.9969003
1521158016,77.5598917,12.9925796
1521158019,77.5598014,12.9937793
1521158033,77.5592659,12.9924435
1521158035,77.5598986,12.9968818
1521158039,77.5597285,12.9973053
1521158041,77.559798,12.9939986
1521158043,77.5643825,12.9949266
1521158045,77.5599969,12.9922866
1521158060,77.5606014,12.9939588
1521158062,77.5573678,12.9947766
1521158065,77.5591369,12.9969143
1521158066,77.5598239,12.9928777
1521158070,77.5597994,12.9935322
1521158080,77.5584877,12.9914079
1521158087,77.5572662,12.9958596
1521158093,77.5575197,12.9925964
1521158097,77.5594046,12.9921092
1521158108,77.5589937,12.9916876
1521158110,77.5566638,12.9956352
1521158116,77.5558309,12.9960542
1521158119,77.5598025,12.9931412
1521158121,77.5580358,12.993011
1563683627,77.5579917,13.0068413
1563683636,77.5590193,13.0100423
1563683639,77.5597959,13.0088154
1563683641,77.5591817,13.0085179
1563683645,77.5568643,13.0079719
1563683656,77.5583801,13.0102652
1563683661,77.5575491,13.0088304
1563683666,77.5580635,13.0100669
1563683668,77.5568258,13.0094758
1563683692,77.5564506,13.0093209
1563683695,77.5576551,13.0081594
1563683698,77.5555068,13.0089265
1563683700,77.5563789,13.0090098
1563683701,77.5583987,13.0091479
1563683702,77.5598936,13.0085144
1563683723,77.558121,13.0091547
1563683727,77.556112,13.0090507
1563683728,77.5561804,13.0080377
1563683731,77.5578115,13.0087902
1563683732,77.5567652,13.0073731
1563683752,77.5590823,13.0088234
1563683754,77.5576045,13.0091673
1563683755,77.5552584,13.0088219
1563683757,77.5572883,13.0088704
1563683762,77.5567495,13.00649
1563683764,77.5592796,13.0082126
1563683780,77.555755,13.0057261
1563683781,77.5559447,13.0067188
1563683782,77.5565098,13.0080057
1563683786,77.5589987,13.0091332
1563683792,77.5580722,13.0099477
1563683805,77.5574143,13.0097424
1563683806,77.5560885,13.0074965
1563683810,77.5586752,13.0091411
1563683812,77.559707,13.0091158
1563683816,77.5560801,13.0091688
1563683818,77.5563865,13.0074313
1563683820,77.5558048,13.0090638
1563683837,77.5587024,13.0104755
1563683839,77.556981,13.0089175
1563683841,77.559431,13.0100332
1563683846,77.5562194,13.0066544
1563683869,77.5567146,13.0089586
1563683872,77.5578909,13.0091603
1563683873,77.5599938,13.0081972
1563683881,77.557093,13.0095883
1563683883,77.5571544,13.0079441
1578109992,77.5598705,13.0047735
1599611911,77.5593078,12.9952323
1599611915,77.5591781,12.9946209
1599612417,77.5651407,12.9958932
1599612418,77.5660918,12.9960085
1599612419,77.5653033,12.9941969
1599612422,77.5653482,12.9943623
1599612423,77.5654873,12.9945383
1617398509,77.5742327,12.9916388
1617398521,77.57432,12.9926775
1617398526,77.5755911,12.993318
1623992454,77.5553641,13.0155238
1946059759,77.5599437,12.9951359
1947653210,77.578817,13.0067947
1947653224,77.5692327,13.0120097
1947653236,77.5785548,13.0066148
1947653247,77.5689774,13.012214
1947653250,77.5690282,13.0119286
1947653270,77.5691785,13.0119422
1947653280,77.5689014,13.0121021
2107142329,77.5651042,12.9921636
2107142355,77.5683044,12.9921238
2107142357,77.5679023,12.9917514
2107142361,77.5650764,12.9928631
2107142375,77.5648182,12.9974305
2107142378,77.5650634,12.9931702
2107142380,77.5678207,12.991749
2107142384,77.5664658,12.9917732
2107142390,77.5651151,12.9918122
2107142393,77.5648521,12.9976871
2107142394,77.5650864,12.9925047
2107142395,77.5640784,12.9978669
2107142409,77.5640498,12.9976296
2213294178,77.5624051,12.9995071
2224431258,77.5576826,12.9932107
2224431261,77.5577853,12.996618
2224431269,77.558718,12.9966993
2224431281,77.5589393,12.9984029
2224431302,77.5590051,12.9987786
2224431308,77.5590281,12.9989454
2224431311,77.5619299,12.9990507
2224431315,77.5579264,12.9990711
2224431321,77.5601393,12.9991797
2224431327,77.5590835,12.9993449
2224431338,77.5591275,12.9996914
2248662757,77.5602931,13.0016754
2248662762,77.5591063,13.0017396
2248662764,77.5587928,13.001787
2248662769,77.559167,13.0019508
2248662773,77.5588726,13.0020629
2248662774,77.5585681,13.002155
2248662775,77.5584357,13.0021933
2248662777,77.5593944,13.0023945
2248662792,77.5589854,13.0028381
2260041584,77.5580636,13.0128638
2468465647,77.5742296,12.990619
2536352368,77.5732515,12.9943006
2631196063,77.5722073,13.0033046
2631196068,77.5712343,13.0044977
2631196069,77.5708005,13.0045072
2631196070,77.5699769,13.0045268
2659208600,77.5814684,12.9966315
2659208603,77.5805107,12.9965221
2659208611,77.580523,12.9969506
2659208613,77.580014,12.9973141
2703669937,77.5656194,13.0139992
2703669951,77.5658425,13.0142082
2703669994,77.5640161,13.0150843
2821271876,77.5640534,13.0151584
2876357602,77.5675183,13.0130571
2876357606,77.5674796,13.0129957
3023900546,77.5823843,13.0043711
3023900547,77.5806358,13.0054129
3023900548,77.5787111,13.0062337
3023900565,77.5789991,13.006264
3023900577,77.5789238,13.0065935
3123810309,77.5598523,13.006807
3123810310,77.5598925,13.0076417
3123810311,77.5588246,13.0068559
3123810312,77.5589194,13.0076032
3123810313,77.5587801,13.0063766
3131029009,77.5602032,13.0033072
3131029010,77.5595233,13.00271
3131029012,77.5609374,13.0034885
3132483837,77.5566825,13.0000726
3132483838,77.5568421,13.0012606
3132483839,77.5567857,13.0012702
3132483841,77.5577402,13.0011669
3132483842,77.5593526,13.0023188
3132483843,77.560282,13.002063
3132483844,77.5602923,13.0005951
3132483847,77.5602839,13.0017905
3330368636,77.565879,13.014106
3393612016,77.5732449,12.9968515
3401990808,77.5647297,12.9968891
3401990810,77.5646461,12.9965467
3401990812,77.5658322,12.9967103
3401990813,77.5653438,12.9972778
3401990815,77.5652405,12.9967981
3422923600,77.5747582,12.9968472
3422923601,77.5746591,12.9968639
3422924508,77.5618188,13.0058344
3422926672,77.5579957,13.0005227
3422926673,77.5593623,13.0019312
3422926674,77.5595109,13.0022625
3422926675,77.5596517,13.0025655
3422926680,77.5600968,13.0049832
3422926681,77.5601329,13.0053986
3422926682,77.559944,13.0060136
3422926684,77.5602213,13.007367
3527916289,77.5720809,13.0075383
3527916470,77.5718118,13.0080179
3595201762,77.5613604,12.9979652
3595201764,77.5614459,12.9985991
3679886747,77.5787178,12.9985211
3679893200,77.5629492,12.994235
3679893206,77.5626364,13.0012214
3679893207,77.5608711,13.0017171
3679893208,77.5602578,13.0027869
3680074770,77.5787539,12.9930524
3742227315,77.5632035,12.9964839
3820070688,77.5676217,13.0143258
3820070690,77.5657162,13.0142461
3820089796,77.5664118,13.014099
3919859738,77.5645973,12.996312
3919859744,77.5634446,12.9965432
3919859747,77.5630648,12.9966157
3919859749,77.5627284,12.9966319
3919859750,77.5622738,12.9966696
3919859752,77.5619595,12.9967308
3919859758,77.5679529,12.996762
3919859759,77.5684777,12.9967551
3919859762,77.5616085,12.996811
3919859778,77.5612838,12.9969444
3919859793,77.5603885,12.9973705
3919859796,77.5597979,12.9976207
3919859799,77.5588528,12.9979724
3919859803,77.5574077,12.9984657
3919859810,77.555419,12.9987306
4044342180,77.5788862,13.0066769
4352585854,77.5624441,13.0042458
4415661208,77.57338,13.0028263
4415661209,77.5730474,13.0028342
4703663948,77.5578963,12.9910209
4703663950,77.5569081,12.9924383
4703663953,77.5558322,12.9939158
4703663954,77.5555978,12.9942352
4703663955,77.5553674,12.9946096
4703663956,77.5551716,12.9949102
5265677496,77.5565012,12.9901507
5265677497,77.5565125,12.9911247
5265732924,77.5615412,13.0009707
5265732925,77.5614554,13.0004301
5265732928,77.5590157,13.009721
5265732929,77.5593135,13.0063973
5265732930,77.5599594,13.0063791
5265732933,77.5587604,13.0016728
5265732934,77.558529,13.0009404
5265732935,77.5576133,12.9962104
5265732937,77.5581926,12.9961777
5265732938,77.5577583,12.9961775
5265732940,77.5577918,12.9969642
5265732941,77.5587121,12.9971839
5265732942,77.5577957,12.9970822
5265732943,77.5594046,12.99606
5265732945,77.55913,12.9941823
5265732946,77.559479,12.9941008
5265732947,77.5595225,12.9945782
5265732949,77.5602259,12.9960045
5265732950,77.5600821,12.9956356
5265732951,77.5641964,12.9914139
5265732952,77.5639781,12.9941096
5265732953,77.5639153,12.9936587
5265732954,77.5615923,12.9929452
5265732955,77.5616353,12.9934433
5267422066,77.5596092,12.9964659
5267422067,77.5591183,12.9965112
5301614271,77.558114,12.9998653
5301614273,77.5577917,12.9983389
5301614274,77.5590792,12.9993137
5301614275,77.5579984,12.9994037
5353889632,77.5745797,12.9985689
5353889634,77.580136,12.9990706
5353889635,77.5780481,13.0085908
5354272793,77.5801089,12.99873
5358289853,77.5595269,13.0097273
5358289854,77.559631,13.009397
5358378960,77.5586928,13.0003236
5374477967,77.5587404,13.0006323
5396067345,77.558327,13.0124815
6152779685,77.5752594,12.9957552
6152779686,77.5750676,12.9950575
6152779687,77.5748786,12.9943574
6177431414,77.5653418,12.9948986
6180361887,77.5646625,12.9962339
6194324454,77.5802602,13.0055302
6194324455,77.5799346,13.0049873
6196868366,77.5648305,12.9944023
6196868367,77.5643097,12.9945119
6196897701,77.5777175,12.9956591
6197308206,77.5722249,12.9987675
6197308207,77.5731561,12.9986529
6197308210,77.572226,12.9989227
6197308211,77.5722287,12.9992808
6198991372,77.5595753,13.0035291
6802107177,77.5579634,13.0130265
6802107178,77.5578037,13.0130233
6854604081,77.5611436,13.0077046
6887682079,77.571625,13.0068329
6904460772,77.5662721,13.0138849
6949633166,77.5606943,13.0023859
6949633167,77.5607226,13.002682
7135058060,77.5715125,12.992436
7146351393,77.5769547,12.9923384
7146351397,77.5767376,12.9933046
7165514482,77.5683151,12.9911518
7232196283,77.5736971,13.0146097
7413331853,77.558029,13.0127376
9188725544,77.565504,13.0088191
9188725545,77.5655159,13.0083073
9188725548,77.5657796,13.0083158
9190068705,77.5794539,13.0020328
9190068706,77.5788517,13.0003949
9190087418,77.5704569,13.0045154
9190087422,77.5675764,13.0018851
9190087423,77.5676002,13.0025143
9190087428,77.5727683,13.0010337
9190087429,77.5735254,12.9994512
9190087430,77.573472,13.0006105
9190087431,77.5739559,12.9974807
9190087432,77.5732149,12.9974552
9190087433,77.5748224,12.9964633
9190087439,77.5751534,12.9980803
9190087441,77.5773373,12.9976092
9190087442,77.577345,12.9980901
9190087443,77.5771257,12.9980866
9190087446,77.5774017,12.9956846
9190134523,77.5684923,12.9911401
9190134527,77.5687582,12.991125
9190134533,77.5651599,12.9906786
9190134534,77.5657337,12.9938135
9190134535,77.5657123,12.9941776
9190134536,77.5657069,12.9945081
9190134540,77.5639426,12.9928599
9190134541,77.5651179,12.9974658
9190134542,77.5650012,12.9968407
9190134557,77.5613873,12.9902832
9190134558,77.5611592,12.990875
9190134565,77.5592898,12.9989657
9190134566,77.55959,13.0007224
9190134568,77.5618194,13.0009479
9190134569,77.5594432,13.001318
9190134570,77.5621786,13.0037037
9192226820,77.5620953,12.994894
9192226821,77.562082,12.9945909
9192226824,77.5578677,12.9987249
9192439380,77.5601237,13.003845
9192439381,77.5601237,13.0033677
9192439382,77.5618996,13.0003854
9192439383,77.5618041,12.9997825
9192439386,77.5585723,12.9997711
9192439387,77.558327,12.9932257
9359877786,77.5795804,13.0077027
9360650398,77.5785544,13.0037278
9360650399,77.5784473,13.0037326
9360650401,77.578441,13.0046946
9360650403,77.578443,13.0053547
9360650405,77.5785613,13.0061776
9362874580,77.5785125,13.0026289
9559505525,77.5791685,12.9946976
9570457941,77.5786822,13.00616
9673346998,77.5591228,13.0108835
9673347000,77.5579028,13.0103186
9673347001,77.5580084,13.0100371
9786116672,77.5727986,13.0018816
9786116673,77.5722646,13.0018819
9814346291,77.5705697,12.9992571
9935424307,77.5652198,13.0056831
9958668791,77.5666781,12.9962881
9967147515,77.5564874,13.0096632
9967147516,77.5565804,13.0093757
9992132940,77.5712428,13.0092409
9992132941,77.5712776,13.0092641
9994578624,77.5825489,12.9990584
10003979588,77.5790527,13.0063329
10003979590,77.5785046,13.0065568
10003979593,77.5785836,13.0062865
10003979600,77.5788102,13.006604
10008065414,77.5757092,13.0010303
10028791060,77.5581039,13.0127999
10028825551,77.5637556,13.0096014
10028825552,77.5636323,13.0097847
10028825558,77.5651413,13.0100874
10028825561,77.5666523,13.0091046
10028825562,77.5652735,13.0091871
10028878525,77.5657755,13.0088044
10028878526,77.5669465,13.0087409
10028878527,77.5669434,13.0081095
10028878528,77.5670866,13.008016
10028878531,77.5672467,13.0074029
10028878532,77.5659598,13.0074668
10028878533,77.5650301,13.007513
10028878534,77.5650325,13.0080761
10028878538,77.5643856,13.0080764
10028878539,77.5634211,13.0075929
10028878540,77.5634223,13.007906
10032974864,77.5598714,13.0146397
10032974865,77.5599386,13.0146764
10032974893,77.5601155,13.0142269
10032974910,77.5583525,13.0124249
10032974922,77.5600817,13.0078998
10035778910,77.5665122,12.9902633
10035778911,77.5672684,12.9902393
10035778913,77.5678821,12.9900442
10035788751,77.5680635,12.9901229
10035788756,77.568346,12.9900963
10035788757,77.56835,12.9904579
10035788759,77.5684693,12.9900847
10035788760,77.5684679,12.9905431
10035820378,77.5688921,12.9911279
10035820379,77.5690428,12.9900556
10035820380,77.5689969,12.9911309
10035820381,77.5691076,12.9911371
10035820391,77.5692642,12.9917305
10035820393,77.5695992,12.9911591
10036051475,77.572572,12.9902646
10036246927,77.5753155,12.9903001
10053178949,77.5779721,13.000153
10060447170,77.5638285,12.9903229
10060447171,77.5643039,12.9903097
10060447172,77.5642829,12.9901056
10060447173,77.564104,12.9901231
10060529169,77.5678707,12.9905491
10060529170,77.5678444,12.9909517
10060529171,77.5680186,12.9909568
10060529172,77.5684666,12.9907608
10060529174,77.5684934,12.9920806
10060529176,77.568478,12.9923427
10060529180,77.5689316,12.9922055
10060529181,77.5684152,12.9911448
10060529182,77.5684451,12.9913514
10060529189,77.5690583,12.9919536
10060529191,77.5688447,12.9914638
10060540194,77.5679086,12.9946353
10060540195,77.5684215,12.9946534
10060540198,77.5693938,12.9940087
10060540199,77.5687507,12.9939292
10060562676,77.5697784,13.0019115
10060562677,77.5697782,13.0022408
10060562682,77.5692922,13.0032787
10060562683,77.5689709,13.0032861
10060577450,77.5709866,12.99696
10060650693,77.5823833,13.0069636
10060650694,77.5820909,13.0064184
10062781009,77.5796666,13.0021868
10062781013,77.5791901,13.0022888
10062781015,77.5788886,13.0024887
10062781016,77.5793647,13.0027923
10062810921,77.5827428,13.0032955
10062810922,77.5827449,13.0028858
10062944258,77.5743326,13.0032084
10062944259,77.5743432,13.003927
10062947367,77.5794304,13.0037074
10062947372,77.5816613,13.0030947
10062947373,77.5819373,13.0030805
10062947374,77.5813172,13.0027518
10062947375,77.5811647,13.0027575
10062947376,77.5814745,13.0027458
10062952517,77.5793593,13.0023358
10062952518,77.5794989,13.0027881
10062952519,77.5795015,13.0022757
10063052400,77.5738891,12.99947
10063059340,77.5723016,13.0002423
10063059341,77.5717812,13.0002246
10063059347,77.5731375,12.9998542
10063059348,77.573264,12.9998543
10063059349,77.5723239,12.9996717
10063059350,77.5725469,12.9996709
10063059353,77.5740813,12.9989315
10063059354,77.5726464,12.9989272
10063059355,77.5726505,12.9992715
10063059356,77.5726431,12.9986481
10063059439,77.5757556,12.9985987
10063059440,77.5754569,12.9986134
10063059442,77.5746999,12.9983376
10063059443,77.5746404,12.9975537
10063059446,77.5740528,12.9967763
10063059447,77.5735898,12.9967791
10063059448,77.5748404,12.9980652
10063059452,77.5752091,12.9974655
10063059453,77.5755153,12.9975432
10063059454,77.5755302,12.9981322
10063059457,77.5759612,12.9975911
10063059459,77.5757398,12.9965353
10063059460,77.5766744,12.9978926
10063059461,77.576898,12.9976092
10063059464,77.5769427,12.9967122
10063063241,77.5717098,13.0026606
10063063242,77.5712771,13.0026417
10063063243,77.5722323,13.0022258
10063063244,77.5717244,13.0022205
10063063245,77.5730659,13.0019907
10063063246,77.5728103,13.0023932
10063063247,77.5725251,13.0018674
10063063248,77.5725464,13.0013902
10063063249,77.5727588,13.0015075
10063063250,77.5737856,13.000644
10063063251,77.5738882,13.0010338
10063081046,77.5778191,13.0006746
10063081047,77.578825,13.0001545
10063081049,77.5777409,13.0003448
10063081050,77.5782342,13.0003646
10063081051,77.5776086,12.9998972
10063081053,77.5781567,12.9998623
10063081054,77.5785201,12.9998535
10063081055,77.5770043,12.9996513
10063081056,77.5773382,12.9996596
10063081057,77.5793493,13.0003476
10063081058,77.5793682,13.0007572
10063081059,77.5793006,12.999712
10063081060,77.5792486,13.001206
10063081061,77.578907,13.0012652
10063081062,77.576412,12.9989724
10063081063,77.5764121,12.9994311
10063081064,77.5796505,12.9991005
10063081065,77.5796614,12.999399
10063081066,77.5801495,12.9993732
10063081067,77.5803123,13.0008276
10063081069,77.5809884,13.000232
10063081070,77.5809705,12.9999131
10063081071,77.5812345,13.0012461
10063081072,77.5810802,13.0012499
10063081073,77.5812497,13.0015191
10063081074,77.5815863,13.001501
10063081075,77.578181,13.0014054
10063081076,77.57827,13.0018503
10063081077,77.5769623,13.0010546
10063081078,77.5772346,13.0015142
10063089195,77.5676446,13.0073832
10063089196,77.567641,13.0071264
10063089203,77.5687447,13.0073285
10063089204,77.5687418,13.0069661
10063089206,77.5698729,13.0068314
10063093174,77.5741343,13.0054155
10063093175,77.5741383,13.0049332
10063093180,77.5753965,13.0054211
10063093181,77.5753738,13.0048948
10063093182,77.5756314,13.0048839
10063101926,77.5731114,13.0067411
10063101927,77.5723083,13.0067239
10063104557,77.5768359,13.0070124
10063104558,77.576481,13.00704
10063436999,77.5718308,13.0033847
10063437001,77.5718524,13.0037688
10063488372,77.5807014,12.9962538
10063488373,77.5813158,12.9960201
10063488376,77.5812257,12.9971882
10063488377,77.5812867,12.9973429
10063539831,77.5822782,12.9958547
10063539832,77.5821041,12.9956151
10063539833,77.5817929,12.9951978
10063539834,77.5818114,12.9956991
10063539835,77.5824242,12.9952879
10063539837,77.5822552,12.9950791
10063539838,77.5820363,12.9952518
10063552104,77.5810737,12.9986761
10063552105,77.5810787,12.9988832
10063552106,77.5814709,12.9986699
10063552107,77.5814627,12.998914
10063555312,77.5682923,13.0012021
10063555313,77.5687131,13.0012044
10063594242,77.5782506,12.9968004
10063594243,77.5786637,12.9967793
10063594244,77.5770915,12.996172
10063594245,77.5772834,12.9961758
10063594246,77.5773912,12.9961668
10063594247,77.5767983,12.9955913
10063594248,77.5771231,12.9955334
10063594249,77.5759656,12.994877
10063594250,77.576029,12.9951624
10063594251,77.577411,12.9939275
10063594252,77.577058,12.9943102
10063594255,77.5768676,12.9928661
10063594256,77.5766156,12.9927136
10063594257,77.5769204,12.9926481
10063594258,77.5766864,12.9925066
10063594262,77.5773518,12.9926894
10063594267,77.5778439,12.9922942
10063594268,77.5774845,12.9920549
10063615359,77.5801275,12.9942582
10063615360,77.5804431,12.9946658
10063621112,77.5798803,12.9916878
10063621113,77.5796283,12.991803
10063621114,77.5784247,12.9905152
10063622104,77.5731923,12.9930164
10063622105,77.5736345,12.9923574
10063622106,77.5735138,12.9923708
10063625182,77.5733234,12.9917417
10063631533,77.5806028,12.9952523
10063631534,77.5809477,12.9951716
10063657547,77.5704219,13.0059475
10063666945,77.5802601,12.9924021
10063666946,77.5800219,12.9925379
10063706437,77.5746674,12.9944018
10063706438,77.5747712,12.9947699
10063706439,77.5748544,12.9941348
10063787621,77.5745212,12.9914572
10063800291,77.5765252,13.0028219
10079132747,77.563005,12.9912274
10079132748,77.5622569,12.9912972
10079132749,77.56113,12.9914224
10079132750,77.5622201,12.9910534
10079132751,77.5625829,12.9910267
10079132752,77.5634862,12.9914334
10079132753,77.5634805,12.9911315
10079132754,77.562154,12.9906483
10079132755,77.5614781,12.990706
10079132757,77.5624083,12.9904141
10079132758,77.5623574,12.9902399
10079132759,77.5641259,12.99142
10079132760,77.564143,12.9912266
10079132771,77.5647079,12.9931847
10079132772,77.5642983,12.991991
10079132776,77.5651142,12.9918546
10079132778,77.5648005,12.9913593
10079132779,77.5644088,12.9925439
10079132780,77.5642004,12.9925766
10079132781,77.5644964,12.9929265
10079132782,77.5643123,12.9929701
10079132783,77.5631524,12.9921653
10079132784,77.5637836,12.99203
10079132785,77.5627016,12.9935405
10079132786,77.5631688,12.9934581
10079132787,77.5631616,12.9941952
10079132788,77.5631073,12.9938666
10079132789,77.5629663,12.9944111
10079132790,77.5633268,12.9943649
10079132791,77.5632354,12.9951441
10079132792,77.5632157,12.9948021
10079132793,77.5640358,12.9945495
10079132794,77.5637245,12.9952846
10079132797,77.5645954,12.9951219
10079132798,77.5649843,12.9950588
10079132799,77.5631995,12.9953999
10079132802,77.5643368,12.9940826
10079132803,77.5642929,12.9936119
10079132804,77.5645091,12.994055
10079132805,77.5644533,12.993592
10079132806,77.5653377,12.9956063
10079132809,77.5649647,12.9939815
10079132812,77.5655481,12.9956133
10079168118,77.5656106,12.9951226
10079168119,77.5653988,12.9951435
10079168120,77.5658525,12.9948513
10079168121,77.5658302,12.9953139
10079168122,77.5652806,12.9946356
10079168124,77.565535,12.9945883
10079168125,77.5652244,12.9943942
10079168130,77.5657442,12.993488
10079168131,77.5645458,12.9959621
10079168132,77.5642996,12.996013
10079173582,77.5656633,12.9967268
10079173584,77.5649117,12.9963429
10079173596,77.5602208,12.9929435
10079173599,77.5602839,12.9925219
10079173601,77.5602035,12.9939626
10079173602,77.5605384,12.9920131
10079173604,77.5610107,12.9921082
10079173608,77.561234,12.9918514
10079173609,77.561451,12.9920881
10079173610,77.5614387,12.9918874
10079213846,77.5603418,12.9939594
10079213847,77.560383,12.994489
10079213848,77.560475,12.9950264
10079213849,77.5602066,12.9950817
10079213850,77.5601464,12.994725
10079213852,77.5596335,12.9951829
10079213855,77.5598282,12.994254
10079213856,77.5600727,12.9942174
10079213859,77.5599421,12.9956727
10079213861,77.5584329,12.9949549
10079213862,77.5580359,12.9949889
10079213863,77.5584833,12.9955269
10079213864,77.5577501,12.9960438
10079213865,77.5582068,12.9960328
10079213867,77.5572733,12.9959961
10079213868,77.5577437,12.9959382
10079213869,77.5574233,12.9959776
10079213872,77.5574886,12.9972462
10079213873,77.5575186,12.997627
10079213874,77.5573022,12.9965461
10079213875,77.5574622,12.9965531
10079213878,77.557783,12.9965812
10079213879,77.557774,12.9964338
10079213880,77.5580731,12.9964249
10079213881,77.558711,12.9970381
10079213882,77.5587177,12.9975748
10079213883,77.5582121,12.9974988
10079213884,77.5588778,12.9973778
10079213885,77.5589297,12.9978273
10079213886,77.5580513,12.9981415
10079213887,77.5580341,12.9979051
10079213888,77.5573774,12.9979831
10079213889,77.5578421,12.9979371
10079213890,77.559478,12.9976124
10079213891,77.5594327,12.9973409
10079213892,77.5601565,12.9978331
10079213893,77.5600801,12.9975157
10079213895,77.5583147,12.9981509
10079213896,77.5583892,12.9986592
10079213897,77.5580384,12.9982463
10079213898,77.5581266,12.9986978
10079213899,77.5578973,12.9988997
10079213904,77.5590006,12.9987531
10079213905,77.5587264,12.9987904
10079213906,77.5606163,12.997262
10079213910,77.5606002,12.9994575
10079213911,77.5605316,12.9991232
10079213912,77.5608477,12.9994089
10079213913,77.5607651,12.9990634
10079215819,77.5613651,13.0009921
10079215820,77.5609556,13.0004968
10079215821,77.561044,13.0010311
10079215822,77.5601722,13.0000537
10079215823,77.5592511,13.0004814
10079215824,77.5597253,13.0003913
10079215826,77.5591634,13.001393
10079215827,77.5587621,13.0008883
10079215828,77.5588299,13.0011054
10079215829,77.5588096,13.0008777
10079215830,77.5585396,13.000353
10079215831,77.5586073,13.0006396
10079215832,77.557985,12.9998999
10079215834,77.5581566,13.0004662
10079215835,77.5575488,12.9999859
10079215839,77.5578994,13.001118
10079215841,77.5566107,12.9989942
10079215843,77.5570337,12.9996213
10079215844,77.5572891,13.0000153
10079215845,77.5575411,13.0003962
10079215846,77.5575725,13.0011989
10079215849,77.5573782,13.0005087
10079215850,77.5570417,13.000953
10079215851,77.5582823,13.0010044
10079215853,77.5584812,13.001721
10079215854,77.5583437,13.0018555
10079215860,77.5588623,13.0020271
10079215863,77.5555669,12.9997847
10079215864,77.5552429,12.9997848
10079215865,77.5552134,13.0002066
10079357177,77.5553863,12.9936071
10079357180,77.5553514,12.9938621
10079357181,77.5557263,12.993925
10079357182,77.5568637,12.9939744
10079357183,77.556922,12.9937974
10079357184,77.5561472,12.9934513
10079357185,77.5564446,12.9934978
10079357186,77.5559892,12.9925146
10079357190,77.5571276,12.9909161
10079357191,77.5573078,12.9910381
10079357192,77.5591955,12.9907487
10079357193,77.5595315,12.9909132
10079377643,77.5651688,13.0075061
10079377644,77.5651549,13.0072068
10079377645,77.5654043,13.0074944
10079377646,77.5653807,13.006982
10079377679,77.5657376,13.0052226
10079377680,77.5659447,13.0056292
10079417512,77.5626533,13.0032769
10079417513,77.5622959,13.003146
10079417514,77.5612327,13.0032944
10079417515,77.5613249,13.0032821
10079417516,77.5614087,13.0029161
10079431017,77.5614034,13.0030699
10079431024,77.5612352,13.0053151
10079431025,77.5614424,13.0050823
10079431026,77.5614424,13.0053197
10079431033,77.5608214,13.0067723
10079431042,77.5608184,13.0077149
10079431045,77.5593237,13.0065645
10079431046,77.5597111,13.0065528
10079431047,77.5596379,13.006087
10079431048,77.5596237,13.0059122
10079431049,77.5596038,13.0054698
10079431050,77.5594477,13.0054712
10079431051,77.5594502,13.0056072
10079431053,77.5592634,13.004903
10079431054,77.5592015,13.0046509
10079431055,77.5582738,13.0051351
10079431056,77.5588429,13.005187
10079431057,77.5589675,13.005179
10079431058,77.5606185,13.0035486
10079431061,77.5607594,13.0039943
10079431062,77.5600513,13.0034144
10079431063,77.5600375,13.0033211
10079431066,77.5596576,13.0030266
10079431067,77.560746,13.0026792
10079431068,77.560797,13.0029717
10079431069,77.5624854,13.0018526
10079431072,77.562633,13.0026041
10079431073,77.5629282,13.0026893
10079431074,77.5636208,13.0012817
10079431076,77.5643607,13.0013046
10079431084,77.5650879,13.0003341
10079431085,77.5651477,13.0004063
10079431086,77.5654329,13.0004136
10079431088,77.5660134,13.0000316
10079431089,77.5659942,13.0003202
10079431090,77.5647439,13.0006898
10079431091,77.5654231,13.0006971
10079431092,77.5661552,13.0007126
10079431093,77.5654114,13.0009971
10079431094,77.5649664,13.0009808
10079431097,77.564682,13.0013234
10079431098,77.5654006,13.0013428
10079431126,77.563263,12.9999009
10079431127,77.563206,12.9995198
10079431128,77.5624716,12.9999837
10079431129,77.5622805,13.0000144
10079431132,77.5653508,13.0026901
10079431133,77.5647985,13.0026837
10079431137,77.5662635,13.0032209
10079431138,77.5657342,13.0032098
10079431139,77.5658934,13.002566
10079431140,77.5658819,13.0029719
10094600861,77.5677418,13.0079291
10094600862,77.568137,13.0079151
10094600865,77.5686154,13.0081753
10094600866,77.5689695,13.0081651
10094610135,77.5735085,13.0135012
10094610136,77.5739016,13.013495
10094639289,77.5781097,13.0086813
10094639290,77.5781186,13.0089336
10094643132,77.5820176,13.011381
10098281571,77.5568417,12.9923944
10107816454,77.5780913,12.9997632
10107816455,77.5819519,12.9976962
10113509708,77.5728185,12.9929507
10116556571,77.5561765,12.9915699
10124389113,77.5818071,13.0129288
10156958852,77.5780647,12.9999163
10168027783,77.5638675,12.9914225
10172737314,77.5738406,13.002889
10542465404,77.5768899,12.9979778
10572417842,77.5704825,13.005453
10581184908,77.5655465,12.9972843
10750430578,77.5733189,12.9968903
10841332939,77.5649391,12.9980586
10841378306,77.5819469,12.9985047
10841378307,77.5820174,12.9985803
10841378308,77.5820224,12.9985067
10841378309,77.5819402,12.9985697
10850753027,77.5715872,13.0085049
10850753028,77.5703094,13.0085457
10850753029,77.571638,13.0085394
10850753031,77.5711413,13.0085284
10861951569,77.5688495,12.9937213
10861951570,77.569447,12.9938089
10934276527,77.5782583,13.0004968
10934276532,77.577348,12.9991642
10934276533,77.5770344,12.9990669
10991911045,77.5561541,12.9944628
10991911046,77.5557609,12.9944543
10992000242,77.5564293,12.9937488
10992005903,77.5593365,12.995414
10994609235,77.5691783,13.0078601
10994609236,77.5686516,13.0078742
10996523499,77.5567271,13.0097696
10996523500,77.5568703,13.0094975
10997162416,77.5779218,13.0003521
10997162418,77.5798851,13.001225
10997162419,77.5798617,13.0008537
10997172007,77.5819803,13.000133
10997172021,77.5817044,12.9996744
11001074076,77.5583486,13.001875
11001074082,77.5578802,13.0011251
11001100320,77.5584499,13.0018384
11006956795,77.5731388,12.9997893
11006956800,77.572301,13.0002179
11006961038,77.5714585,13.0002136
11006982242,77.5731357,12.9999408
11012197023,77.5632061,13.0093108
11096782355,77.5817242,12.9982699
11096782356,77.5817196,12.9986719
11158493214,77.5779771,12.9987144
11158493215,77.5771465,12.9990314
11158500186,77.5772587,12.9985278
11174397873,77.5555342,13.0092447
11195725591,77.5712778,13.0046414
11195846207,77.5671399,13.005576
11195846217,77.5707044,13.0055463
11209643830,77.5644237,12.9919625
11383365460,77.5579115,12.9909982
11383365462,77.5578473,12.9909587
11389451565,77.5609785,12.9986882
11389491347,77.5600687,12.9988561
11389500404,77.5591002,12.9960842
11393402561,77.5718326,13.0075402
11393403833,77.5648024,13.0099292
11393433712,77.5716342,13.0066631
11393459270,77.5659831,13.0081112
11393475298,77.5633138,13.0046275
11393662644,77.5774661,13.0086397
11393685392,77.5811384,13.0079312
11393794847,77.570459,13.0035424
11393834515,77.5722277,13.0023964
11393941774,77.5652366,13.0046645
11394013174,77.5755857,13.0023148
11394021803,77.5761403,12.9960777
11394021804,77.5761232,12.9962209
11394021805,77.5762626,12.9960868
11394023967,77.5797815,13.0005422
11395331665,77.5804956,13.00375
11395331666,77.5801691,13.0037645
11395353808,77.5761776,12.997152
11395353813,77.5759311,12.997167
11395368450,77.575933,12.997258
11395368451,77.5758116,12.9972319
11395369552,77.5811648,12.9972102
11395369553,77.5810786,12.9969967
11554362419,77.5727488,13.0146971
11554362420,77.5728407,13.014704
11554362421,77.5727575,13.0146158
11597883883,77.5614087,12.9968916
11617806289,77.5629518,12.990906
11690829537,77.5692266,13.0078297
11715906046,77.5562041,12.9932175
11850032639,77.5786352,13.006569
11866509771,77.5581373,13.0129088
11878795942,77.5568239,13.0079757
11893475835,77.5728484,13.0146218
11898236317,77.5711426,13.0084723
11898247198,77.569237,13.0054989
11898247209,77.5691594,13.0086218
11898860861,77.5694509,12.9968903
11898860863,77.5694446,12.9967758
11898868421,77.5713547,12.9992759
11898958121,77.5714897,12.9934232
11898958145,77.5715017,12.9929067
11898969986,77.5714911,12.993364
11898969987,77.5713898,12.9933611
11898969989,77.5703637,12.9932897
11898969992,77.56982,12.9932817
11912021126,77.5605662,12.9972859
11912021127,77.5605103,12.9971645
11944589135,77.5577946,12.9928808
12009869180,77.5822685,12.9953953
12049168851,77.5588968,13.0114077
12064311428,77.5786785,13.0064442
12064311429,77.5788332,13.0064549
12064311430,77.5787288,13.0065156
12064324374,77.5787819,13.0063766
12092210496,77.5741195,13.0062473
12092210498,77.5717444,13.0022207
12092210499,77.5717847,13.0022211
12150894280,77.5683777,12.9933352
12159760321,77.5741044,12.9902759
12183405815,77.5801513,12.9948431
12183673683,77.5671402,13.0056758
12201215542,77.5703582,12.993349
12269300870,77.5631222,13.006701
12269300871,77.562921,13.0067073
12269300872,77.5630415,13.0066392
12269300873,77.5630155,13.0068496
12289606135,77.564493,13.0066599
12289606136,77.5645694,13.0066603
12357501984,77.5597092,13.0012449
12376287701,77.5822277,13.0090916
12378591609,77.5765969,13.0093678
12379039836,77.5719023,12.9986212
12388462899,77.5645493,13.0056789
12414199261,77.5752757,13.0062971
12422115679,77.5785479,13.0046946
12422360451,77.5741422,12.9994214
12470840952,77.5781292,13.0092971
12526337322,77.5710643,12.9933958
12553312314,77.5732388,12.9969975
12553312315,77.5732445,12.9967888
12598112798,77.5794642,13.0147221
12598112799,77.5794464,13.0142264
12625340099,77.5693317,12.9901388
12666382121,77.5732442,12.996935
12696115721,77.5805335,13.0092367
12696115722,77.5805613,13.0091779
12736500201,77.5639173,12.9963422
12809301892,77.563879,13.000718
12809319220,77.5627001,13.0070758
12809319221,77.5630146,13.0070679
12809319388,77.5655472,13.0098167
12809319390,77.5659212,13.010009
12809319474,77.5656752,13.0091631
12809319475,77.5656875,13.009513
12809422089,77.5651615,13.0056284
12809422090,77.5651624,13.0056859
12809451103,77.5657417,13.0056096
12809451104,77.5652198,13.0056253
12809451108,77.5652067,13.0053084
13120708939,77.5677386,12.9968362
13197730111,77.5623962,12.9902332
13200257599,77.5644415,12.9911783
13407142671,77.555964,13.0153674
13648809050,77.5654509,13.0141024
13648809051,77.5655645,13.0143066
